fotograma;tipo_objeto;confianza_deteccion;x1;y1;x2;y2;matrícula_detectada;x1_matrícula;y1_matrícula;x2_matrícula;y2_matrícula;texto_matricula_ocr;tiempo_inferencia_yolo;tiempo_inferencia_easyocr
54;car;0.9233712553977966;138;73;470;326;SÍ;201;164;403;195;ET3633P;0.000147;0.094361
55;car;0.9299315810203552;138;73;468;324;SÍ;215;163;394;193;ET3633P;0.000089;0.099111
56;car;0.923568069934845;140;74;465;323;SÍ;208;163;396;193;ET3633P;0.000086;0.019057
57;car;0.9038634300231934;142;75;462;321;SÍ;206;164;387;194;ET3633P;0.000098;0.040847
58;car;0.8923112154006958;144;75;459;319;SÍ;209;166;377;195;ET3633P;0.000087;0.018454
59;car;0.898400604724884;146;77;456;317;SÍ;197;163;393;196;ET3633P;0.000094;0.092306
60;car;0.873649537563324;147;80;453;316;SÍ;193;165;379;195;ET3633P;0.000099;0.055002
61;car;0.8934915661811829;149;81;450;313;SÍ;191;164;379;197;ET3633P;0.000164;0.097897
62;car;0.8905289173126221;152;83;446;310;SÍ;225;168;392;196;ET3633P;0.000086;0.040171
63;car;0.8676566481590271;156;83;442;308;SÍ;194;166;387;198;ET3633P;0.000093;0.020197
64;car;0.880460798740387;159;87;438;303;SÍ;236;168;379;195;ET3633P;0.000085;0.019776
65;car;0.8601664304733276;161;89;434;299;SÍ;199;165;380;196;ET3633P;0.000129;0.038131
66;car;0.826973557472229;165;90;429;295;SÍ;239;166;360;192;ET3633P;0.000096;0.090531
67;car;0.8536551594734192;169;91;424;292;SÍ;169;91;423;292;ET3633P;0.000087;0.096429
68;car;0.8788420557975769;172;98;420;289;SÍ;172;98;419;289;ET3633P;0.000098;0.093316
69;car;0.8827500939369202;175;102;416;284;SÍ;175;102;415;284;ET3633P;0.000078;0.022035
70;car;0.8771052360534668;178;103;412;281;SÍ;178;103;411;281;ETS633P;0.000099;0.023079
71;car;0.8826956152915955;181;103;407;279;SÍ;181;103;406;279;ET3633P;0.000083;0.022949
72;car;0.8605011105537415;185;105;403;276;SÍ;185;105;402;276;ET3633P;0.000100;0.099832
73;car;0.8403823375701904;188;108;399;272;SÍ;188;108;398;272;ET3633P;0.000095;0.040758
74;car;0.8776031136512756;191;107;395;268;SÍ;191;107;394;268;ET3633P;0.000114;0.020425
75;car;0.8774997591972351;193;110;391;265;SÍ;193;110;390;265;ETS63SP;0.000086;0.109730
76;car;0.8704549074172974;197;110;386;261;SÍ;197;110;385;260;ETJGSIP;0.000083;0.104320
77;car;0.8606627583503723;199;114;384;258;SÍ;199;115;383;258;ET3633P;0.000089;0.023806
78;car;0.8350279331207275;201;115;380;255;SÍ;201;116;379;255;ETJ63IP;0.000104;0.054770
79;car;0.9232996702194214;161;65;505;321;SÍ;164;65;502;321;ET3633P;0.000091;0.045639
80;car;0.9016534090042114;157;63;506;323;SÍ;291;235;378;261;ET3633P;0.000093;0.097262
81;car;0.9108766913414001;150;62;505;324;SÍ;157;62;497;324;ET3S33P;0.000085;0.033669
82;car;0.9057601690292358;144;59;503;325;SÍ;150;59;497;325;E35335;0.000083;0.040061
83;car;0.8094058036804199;136;57;499;326;SÍ;142;57;494;326;ESSEC3;0.000082;0.079093
84;car;0.9107990860939026;124;54;492;326;SÍ;130;54;488;326;EIE3;0.000088;0.121133
85;car;0.9316038489341736;111;51;484;325;SÍ;116;51;482;325;25;0.000077;0.033890
86;car;0.9233992695808411;96;49;477;327;SÍ;100;49;475;327;EEE3;0.000082;0.032811
87;car;0.914919912815094;87;46;475;330;SÍ;87;46;474;330;ETZ5Z3P;0.000089;0.106885
88;car;0.8994612693786621;78;42;481;332;SÍ;82;43;480;332;ETZE33P;0.000136;0.151394
89;car;0.8882330656051636;74;41;490;334;SÍ;76;41;488;334;ET25Z3F;0.000178;0.065111
90;car;0.9189809560775757;65;39;499;335;SÍ;66;39;471;335;EZEZ3P;0.000104;0.038124
91;car;0.91745924949646;52;37;507;336;SÍ;54;37;500;336;ETZEZ3P;0.000100;0.106527
92;car;0.8369436860084534;46;37;518;339;SÍ;47;37;517;339;ETZSZZP;0.000085;0.098315
93;car;0.8414517045021057;39;37;533;343;SÍ;40;38;521;343;ET25236;0.000102;0.121928
94;car;0.8672273755073547;43;36;546;342;SÍ;43;37;545;342;ETZG33P;0.000100;0.039825
95;car;0.8677682280540466;37;34;568;342;SÍ;37;34;567;339;ET3633P;0.000105;0.120867
96;car;0.8790358901023865;39;32;587;343;SÍ;39;33;585;342;ET3633P;0.000101;0.111693
97;car;0.8814590573310852;45;29;608;342;SÍ;45;30;606;340;ET3633P;0.000091;0.061835
98;car;0.8868176937103271;49;25;638;342;SÍ;142;241;241;273;ETZ633P;0.000143;0.042982
99;car;0.9049133062362671;66;22;638;342;SÍ;152;239;250;271;ETZ633P;0.000084;0.020156
100;car;0.8947604298591614;76;19;638;342;SÍ;158;237;256;270;ETZG33P;0.000105;0.106459
101;car;0.8648856282234192;76;14;640;341;SÍ;76;14;640;339;ET3633P;0.000093;0.068475
102;car;0.8491767644882202;82;12;640;341;SÍ;163;234;259;267;ET3633P;0.000091;0.094152
103;car;0.8847706913948059;82;13;638;344;SÍ;82;13;638;344;5756223;0.000099;0.068392
111;car;0.8719391226768494;204;1;339;46;NO;204;1;338;46;;0.000146;0.090365
112;car;0.8471075892448425;203;1;337;54;NO;203;1;336;54;;0.000097;0.008289
113;car;0.8913018703460693;202;1;338;59;NO;202;1;337;59;;0.000108;0.012222
114;car;0.9015715718269348;201;1;337;63;NO;201;1;336;63;;0.000111;0.008464
115;car;0.8118008971214294;200;1;336;69;NO;200;1;335;69;;0.000114;0.084323
116;car;0.8130624890327454;201;1;337;73;NO;201;1;336;73;;0.000129;0.008309
117;car;0.7883434295654297;201;1;337;78;NO;201;1;336;78;;0.000109;0.008705
118;car;0.7562313079833984;200;1;337;82;NO;200;1;336;82;;0.000168;0.008258
119;car;0.7624484300613403;201;1;337;87;NO;201;1;336;87;;0.000101;0.007560
120;car;0.714361310005188;201;2;336;92;NO;201;2;335;92;;0.000114;0.008294
121;car;0.8020686507225037;200;11;337;97;NO;200;11;336;97;;0.000093;0.007157
132;car;0.8107959628105164;202;52;351;145;NO;202;52;349;145;;0.000091;0.008235
133;car;0.7070123553276062;202;54;351;149;NO;202;54;350;149;;0.000134;0.007935
137;car;0.9386740326881409;377;159;607;271;NO;377;159;607;271;;0.000092;0.089223
138;car;0.9358499646186829;373;159;609;274;NO;373;159;609;274;;0.000089;0.012895
139;car;0.9347234964370728;368;159;611;274;NO;368;159;611;274;;0.000113;0.014111
140;car;0.931170642375946;364;160;615;278;NO;364;160;614;278;;0.000177;0.012772
141;car;0.9214355945587158;360;163;618;282;NO;360;163;617;282;;0.000087;0.081077
142;car;0.929900050163269;357;165;621;286;NO;357;165;620;286;;0.000093;0.014296
143;car;0.9372616410255432;354;167;625;290;NO;354;167;624;290;;0.000086;0.014097
144;car;0.9406682848930359;349;170;628;296;NO;350;170;627;296;;0.000124;0.014386
145;car;0.9368428587913513;346;171;631;298;NO;346;171;630;298;;0.000119;0.014114
146;car;0.9377827048301697;342;172;632;300;NO;342;172;631;300;;0.000108;0.085656
147;car;0.9326598048210144;340;174;635;302;NO;340;174;634;302;;0.000092;0.015519
148;car;0.9331769943237305;337;175;638;304;NO;337;175;637;304;;0.000102;0.087249
149;car;0.9376376271247864;334;177;639;308;NO;334;177;638;308;;0.000085;0.019091
150;car;0.9341932535171509;330;179;639;310;NO;330;179;638;310;;0.000110;0.019276
151;car;0.9308367967605591;325;182;639;313;NO;327;183;638;313;;0.000105;0.018670
152;car;0.9373301267623901;319;184;638;314;NO;320;185;636;314;;0.000088;0.018164
153;car;0.9247153401374817;312;185;634;315;NO;314;185;632;315;;0.000105;0.018134
154;car;0.8883479237556458;1;0;520;311;NO;99;192;374;310;;0.000111;0.014475
155;car;0.892208456993103;0;0;532;314;NO;0;0;532;314;;0.000088;0.049616
156;car;0.9122287034988403;0;0;547;318;NO;0;0;546;318;;0.000092;0.043435
157;car;0.850587785243988;0;0;560;321;NO;0;1;559;321;;0.000082;0.039834
158;car;0.8310207724571228;0;0;576;322;NO;0;0;575;322;;0.000111;0.043799
159;car;0.8322213292121887;0;0;590;324;NO;0;0;589;324;;0.000165;0.118714
160;car;0.897117555141449;0;0;593;328;NO;540;217;583;245;;0.000109;0.103062
161;car;0.9098051190376282;0;0;594;330;NO;0;0;593;330;;0.000130;0.041506
162;car;0.9095386862754822;0;0;591;331;NO;0;0;590;331;;0.000171;0.039534
163;car;0.9165354371070862;118;1;638;283;NO;118;1;638;283;;0.000089;0.109506
164;car;0.9181221127510071;124;1;638;283;NO;124;1;638;283;;0.000091;0.031017
165;car;0.9096921682357788;135;1;639;284;NO;135;1;638;284;;0.000132;0.127436
166;car;0.9100564122200012;155;1;638;284;NO;155;1;638;284;;0.000165;0.029112
167;car;0.9017208218574524;178;1;638;285;NO;178;1;635;285;;0.000097;0.089129
168;car;0.9006354808807373;199;1;639;286;NO;199;1;638;285;;0.000084;0.100808
169;car;0.915877103805542;213;1;639;290;NO;213;1;638;290;;0.000097;0.027310
170;car;0.9229140877723694;225;1;639;290;NO;225;1;638;290;;0.000084;0.026300
176;car;0.9052446484565735;52;116;630;329;NO;52;116;629;329;;0.000158;0.102378
177;car;0.9145389795303345;49;116;626;329;NO;49;116;626;329;;0.000088;0.026033
178;car;0.9145575165748596;48;115;626;329;NO;48;115;625;329;;0.000185;0.025824
179;car;0.9116212129592896;47;116;628;330;NO;47;116;628;330;;0.000092;0.025555
180;car;0.9231743216514587;46;114;627;330;NO;46;114;627;330;;0.000094;0.025180
181;car;0.9073314070701599;46;114;627;330;NO;46;114;627;330;;0.000087;0.026154
182;car;0.9142369627952576;48;113;629;330;NO;48;113;629;330;;0.000082;0.025550
183;car;0.9141827821731567;51;112;631;330;NO;51;112;631;330;;0.000080;0.025962
184;car;0.9059487581253052;52;113;633;331;NO;52;113;632;331;;0.000081;0.025807
185;car;0.8934940099716187;55;115;630;331;NO;55;115;630;331;;0.000079;0.089507
186;car;0.9002460837364197;56;117;630;336;NO;56;117;630;336;;0.000083;0.026043
187;car;0.9064624905586243;58;119;629;338;NO;58;119;628;338;;0.000083;0.024477
188;car;0.9180519580841064;61;121;630;339;NO;61;121;629;339;;0.000082;0.024785
189;car;0.9209266901016235;62;123;625;341;NO;62;123;625;341;;0.000080;0.024669
190;car;0.9191040992736816;65;124;609;342;NO;65;124;609;342;;0.000082;0.086855
191;car;0.9190974831581116;67;128;602;343;NO;67;129;602;343;;0.000134;0.022663
192;car;0.9146283268928528;68;132;596;344;NO;68;132;596;344;;0.000104;0.022662
193;car;0.9135431051254272;71;134;594;344;NO;71;134;594;344;;0.000152;0.023071
194;car;0.9091626405715942;76;134;592;344;NO;76;134;591;344;;0.000093;0.022550
195;car;0.9031426906585693;78;136;586;344;NO;78;136;586;344;;0.000098;0.095200
196;car;0.9066833257675171;79;137;579;345;NO;79;137;578;345;;0.000081;0.021939
197;car;0.90086430311203;86;139;570;345;NO;86;139;569;345;;0.000092;0.022269
198;car;0.9148106575012207;94;141;563;343;NO;94;141;562;343;;0.000084;0.088705
199;car;0.9302836060523987;98;142;556;341;NO;98;142;555;341;;0.000086;0.021304
200;car;0.9168203473091125;102;145;546;339;NO;102;146;545;339;;0.000092;0.087362
201;car;0.9194830060005188;103;147;534;338;NO;103;147;533;338;;0.000088;0.086290
202;car;0.9250547289848328;103;149;521;335;NO;103;149;520;335;;0.000096;0.019078
203;car;0.907398521900177;302;127;501;276;NO;304;127;500;276;;0.000083;0.010346
204;car;0.8913750052452087;302;128;502;279;NO;304;128;502;279;;0.000093;0.010806
205;car;0.9069492220878601;301;126;502;279;SÍ;303;126;501;279;E6JJP;0.000147;0.042950
206;car;0.8983342051506042;301;125;504;280;NO;303;125;503;280;;0.000341;0.011949
207;car;0.8913142681121826;300;125;504;281;SÍ;302;125;503;281;ETJ6JJP;0.000097;0.030592
208;car;0.9042971730232239;299;125;504;282;SÍ;300;125;503;282;ETJ6JJP;0.000134;0.023845
209;car;0.8904030323028564;296;124;504;285;SÍ;297;125;503;285;763P;0.000099;0.042744
210;car;0.9129000306129456;294;124;504;286;SÍ;296;125;503;286;D;0.000088;0.029765
211;car;0.9123865365982056;291;124;502;287;SÍ;293;124;501;287;ETI6JJP;0.000087;0.036965
212;car;0.8894609808921814;285;125;499;289;SÍ;287;125;498;289;E736J3P;0.000136;0.066894
213;car;0.898949921131134;278;126;494;290;NO;280;126;493;290;;0.000093;0.011996
214;car;0.9164802432060242;270;128;488;291;NO;272;128;487;291;;0.000097;0.011809
215;car;0.9412842988967896;263;129;482;293;SÍ;264;129;481;293;ET633P;0.000095;0.036720
216;car;0.9388037919998169;259;130;479;293;SÍ;260;130;478;293;E63P;0.000079;0.026081
217;car;0.9356611371040344;256;130;479;293;SÍ;257;130;478;293;Q6992;0.000085;0.038227
218;car;0.9327500462532043;257;132;481;294;SÍ;259;132;480;294;256932;0.000163;0.041239
219;car;0.9404939413070679;259;129;485;294;SÍ;260;129;484;294;EEUGP;0.000096;0.024370
220;car;0.9075208306312561;264;129;494;295;SÍ;266;129;493;295;ETS6U3P;0.000077;0.035259
221;car;0.9117237329483032;268;128;500;295;SÍ;269;128;499;295;ET6U3P;0.000078;0.038742
222;car;0.8780897855758667;272;125;505;295;SÍ;274;125;504;295;ETS6U3P;0.000080;0.037937
223;car;0.9058786034584045;275;123;510;296;SÍ;275;123;509;296;48992;0.000082;0.042973
224;car;0.9166964888572693;275;121;512;296;SÍ;275;121;511;296;ETJ6GP;0.000079;0.026426
225;car;0.9242144227027893;275;119;516;296;SÍ;275;119;515;296;ET8693P;0.000092;0.023877
226;car;0.9206197261810303;274;117;515;297;SÍ;274;117;514;297;ETB6JIP;0.000077;0.027154
227;car;0.9280581474304199;271;115;516;295;SÍ;271;115;515;295;ET36JIP;0.000090;0.023912
228;car;0.9158573150634766;270;112;517;293;SÍ;270;112;516;293;ET6JJP;0.000080;0.026893
229;car;0.9120379686355591;272;111;521;293;SÍ;272;111;520;293;ETB6J3P;0.000115;0.028515
230;car;0.9120349884033203;406;73;639;198;NO;406;73;638;198;;0.000078;0.009965
231;car;0.9233810305595398;377;72;639;203;NO;377;72;638;200;;0.000087;0.010974
232;car;0.9075782895088196;349;71;639;201;NO;349;71;638;200;;0.000095;0.013537
233;car;0.9181765913963318;324;71;625;200;NO;324;71;625;200;;0.000079;0.013435
234;car;0.9208916425704956;302;75;593;198;NO;302;75;593;198;;0.000090;0.011316
235;car;0.9221163988113403;283;80;562;196;NO;283;80;561;196;;0.000092;0.010833
236;car;0.9065378308296204;264;73;531;193;NO;264;73;530;192;;0.000077;0.010722
237;car;0.909461259841919;248;72;503;190;NO;248;72;502;190;;0.000094;0.009953
238;car;0.913834810256958;233;73;475;189;NO;233;73;475;189;;0.000095;0.009956
239;car;0.9014807939529419;221;74;451;186;NO;221;75;450;186;;0.000108;0.009982
240;car;0.9071969389915466;209;76;426;183;NO;209;76;426;183;;0.000239;0.075173
241;car;0.900603175163269;200;77;404;180;NO;200;77;403;180;;0.000090;0.009112
242;car;0.9129915237426758;194;79;386;179;NO;194;79;386;179;;0.000093;0.075036
243;car;0.8687325119972229;192;80;367;176;NO;192;80;366;176;;0.000079;0.081974
244;car;0.8879694938659668;190;81;349;175;NO;190;81;348;175;;0.000078;0.010466
245;car;0.7830146551132202;190;81;334;172;NO;190;81;334;172;;0.000139;0.008028
246;car;0.8317408561706543;188;82;320;170;NO;188;82;319;168;;0.000122;0.007457
247;car;0.8558827638626099;190;85;307;168;NO;190;85;306;167;;0.000101;0.072588
248;car;0.7850067019462585;188;86;295;165;NO;188;86;294;165;;0.000076;0.011954
249;car;0.8431805968284607;188;88;285;164;NO;188;88;285;162;;0.000254;0.008741
250;car;0.8799484968185425;188;88;275;161;NO;188;88;275;161;;0.000202;0.119738
251;car;0.8856171369552612;187;88;266;158;NO;187;88;266;158;;0.000097;0.008435
252;car;0.8171396851539612;0;2;560;354;NO;0;2;559;354;;0.000165;0.064181
253;car;0.8155909180641174;0;1;563;355;NO;0;1;562;355;;0.000082;0.084406
254;car;0.8557379245758057;0;3;564;355;NO;0;3;564;354;;0.000079;0.049054
255;car;0.8308359384536743;0;7;565;355;NO;0;7;565;351;;0.000074;0.044772
256;car;0.8137928247451782;0;5;564;355;NO;0;6;564;355;;0.000076;0.042655
257;car;0.8368892669677734;0;16;562;355;NO;0;17;562;355;;0.000098;0.046107
258;car;0.8590905070304871;0;22;559;355;NO;0;22;559;355;;0.000207;0.034220
259;car;0.8659524917602539;0;27;556;355;NO;0;27;556;355;;0.000079;0.034882
260;car;0.8468114137649536;0;40;551;355;NO;0;40;551;355;;0.000077;0.031035
261;car;0.8397009968757629;1;43;547;355;NO;1;43;547;355;;0.000077;0.031108
262;car;0.8500605225563049;1;51;550;355;NO;1;51;547;355;;0.000083;0.032998
263;car;0.8530552387237549;1;58;539;355;NO;1;58;539;355;;0.000115;0.028689
264;car;0.8556839823722839;0;64;535;355;NO;0;64;534;355;;0.000085;0.028139
265;car;0.8537358045578003;0;69;532;356;NO;0;69;531;356;;0.000077;0.026068
266;car;0.8631466627120972;1;72;525;356;NO;1;72;524;356;;0.000080;0.025785
267;car;0.8564033508300781;1;73;521;355;NO;2;73;520;355;;0.000085;0.025908
268;car;0.865958571434021;1;75;513;356;NO;2;75;513;354;;0.000091;0.023984
269;car;0.8599714636802673;1;77;519;356;NO;1;77;512;356;;0.000122;0.024176
270;car;0.8765988349914551;1;79;508;356;NO;2;79;508;355;;0.000085;0.026520
271;car;0.8895354866981506;0;81;507;356;NO;0;81;505;356;;0.000148;0.027075
272;car;0.8791992664337158;0;82;516;357;NO;0;82;505;357;;0.000097;0.026416
273;car;0.8796639442443848;0;83;504;356;NO;1;83;504;356;;0.000128;0.024539
274;car;0.8755308985710144;0;85;501;356;NO;1;85;500;356;;0.000086;0.023927
275;car;0.8774111866950989;0;86;503;357;NO;1;86;500;357;;0.000080;0.024164
276;car;0.8878021240234375;1;87;500;356;NO;2;87;499;356;;0.000079;0.027789
277;car;0.9254018664360046;106;126;498;270;NO;106;126;498;270;;0.000148;0.115987
278;car;0.9227195978164673;101;127;499;267;NO;101;127;498;267;;0.000123;0.014528
279;car;0.9284178614616394;102;126;499;269;NO;102;126;498;269;;0.000260;0.012379
280;car;0.9208410978317261;106;124;501;269;NO;106;124;499;269;;0.000094;0.012274
281;car;0.9124411344528198;111;123;507;269;NO;111;123;505;269;;0.000095;0.012966
282;car;0.9098618626594543;116;123;512;270;NO;116;123;510;270;;0.000235;0.013635
283;car;0.9005506038665771;124;121;519;268;NO;124;121;518;268;;0.000111;0.014409
284;car;0.891472578048706;130;122;526;266;NO;130;122;524;266;;0.000151;0.012901
285;car;0.9023109674453735;138;124;534;266;NO;138;124;533;266;;0.000109;0.012308
286;car;0.8676066994667053;143;127;542;266;NO;143;127;538;266;;0.000096;0.012399
287;car;0.8986863493919373;150;130;550;264;NO;150;130;549;264;;0.000162;0.012542
288;car;0.864858865737915;158;132;559;264;NO;158;132;558;264;;0.000096;0.012436
289;car;0.878933310508728;168;133;566;265;NO;169;133;564;265;;0.000088;0.012366
290;car;0.8772152662277222;171;133;573;263;NO;171;133;572;263;;0.000086;0.013494
291;car;0.8882988691329956;173;133;577;263;NO;173;133;576;263;;0.000133;0.014172
292;car;0.8973563313484192;171;134;577;263;NO;171;134;576;263;;0.000170;0.016218
293;car;0.8917442560195923;171;134;578;264;NO;171;134;577;264;;0.000118;0.016507
294;car;0.9020461440086365;171;134;579;263;NO;172;134;578;263;;0.000183;0.017908
295;car;0.8968002200126648;172;134;578;264;NO;172;134;577;263;;0.000166;0.015266
296;car;0.8955717086791992;172;135;579;263;NO;172;135;577;263;;0.000080;0.132213
297;car;0.8912537097930908;172;135;578;263;NO;172;135;576;263;;0.000121;0.012648
298;car;0.8874871730804443;174;136;581;262;NO;174;136;579;262;;0.000098;0.012230
299;car;0.8972107172012329;174;136;582;264;NO;174;136;580;264;;0.000087;0.012429
300;car;0.8942421078681946;174;137;581;264;NO;174;138;579;264;;0.000101;0.012765
301;car;0.8723329901695251;174;136;579;265;NO;174;136;578;265;;0.000083;0.015867
302;car;0.8748856782913208;173;135;576;263;NO;173;135;574;263;;0.000088;0.012555
303;car;0.871495246887207;170;135;574;262;NO;170;135;572;262;;0.000076;0.015423
304;car;0.909881591796875;165;135;571;262;NO;165;135;568;262;;0.000188;0.014243
305;car;0.9172533750534058;163;134;565;262;NO;163;134;562;262;;0.000307;0.014377
306;car;0.9297786355018616;158;134;561;262;NO;158;134;557;262;;0.000135;0.013128
307;car;0.9332790374755859;177;133;560;260;NO;177;133;557;260;;0.000100;0.078074
308;car;0.9393153190612793;158;131;559;258;NO;158;131;558;258;;0.000079;0.013481
309;car;0.911203145980835;184;130;559;257;NO;184;130;557;257;;0.000090;0.012784
310;car;0.8948273062705994;153;128;558;254;NO;153;128;556;254;;0.000081;0.013642
311;car;0.8982425332069397;149;126;556;253;NO;149;127;554;253;;0.000124;0.013860
312;car;0.8979676365852356;146;124;556;252;NO;146;124;554;252;;0.000092;0.013634
313;car;0.9011478424072266;145;123;553;252;NO;145;123;551;252;;0.000080;0.016608
314;car;0.9003299474716187;138;120;553;251;NO;138;120;551;251;;0.000087;0.016912
315;car;0.8872778415679932;142;119;549;252;NO;142;119;547;252;;0.000234;0.016965
316;car;0.8748579621315002;144;117;550;251;NO;144;117;548;251;;0.000095;0.016581
317;car;0.897308886051178;136;115;551;252;NO;136;115;548;252;;0.000092;0.016783
318;car;0.8690323233604431;134;114;552;250;NO;134;114;550;250;;0.000089;0.016633
319;car;0.8797439336776733;132;112;554;251;NO;132;112;552;251;;0.000119;0.094268
320;car;0.8865607976913452;173;68;339;178;SÍ;174;68;336;177;ET36JJP;0.000143;0.020681
321;car;0.9034960865974426;171;67;339;179;SÍ;172;67;337;178;ETJGJ3P;0.000095;0.020390
322;car;0.9057917594909668;166;66;338;180;SÍ;168;66;337;179;B96;0.000097;0.034294
323;car;0.8874695301055908;160;66;336;179;SÍ;238;146;280;163;E73639;0.000084;0.019882
324;car;0.8869749307632446;155;65;335;180;NO;157;65;333;180;;0.000167;0.009330
325;car;0.9068278074264526;149;64;334;180;NO;149;64;333;178;;0.000116;0.008580
326;car;0.8516331911087036;145;62;334;180;SÍ;236;136;281;155;CTJ6J3P;0.000220;0.023477
327;car;0.8730530738830566;140;62;333;180;SÍ;140;62;332;180;UE;0.000086;0.044537
328;car;0.8252242803573608;137;62;332;180;SÍ;236;128;282;147;CTJ6JJP;0.000078;0.015624
329;car;0.7322853207588196;133;61;331;180;SÍ;133;61;330;179;26P;0.000078;0.023736
332;car;0.8097459673881531;121;60;329;180;SÍ;237;128;279;145;ET3GJJP;0.000076;0.015621
333;car;0.794960081577301;117;60;329;180;SÍ;236;128;282;146;ET6J301;0.000125;0.018572
334;car;0.8021845817565918;113;60;329;180;SÍ;113;60;329;180;ET36J3P;0.000097;0.023548
335;car;0.8354406952857971;109;60;330;180;SÍ;239;129;282;147;ETJJSP;0.000079;0.017376
336;car;0.8166505098342896;105;60;331;180;SÍ;105;60;330;180;ETJ6JOP;0.000081;0.033956
337;car;0.7180367112159729;102;60;333;180;SÍ;102;60;332;178;E76JJ2;0.000077;0.022287
338;car;0.8059502243995667;99;59;335;180;SÍ;99;59;334;179;E736P;0.000078;0.021065
339;car;0.8428035378456116;95;57;338;181;NO;95;57;337;179;;0.000077;0.010927
340;car;0.8570550680160522;94;56;340;181;NO;94;56;339;181;;0.000080;0.010589
341;car;0.8802049160003662;91;53;343;181;SÍ;261;137;303;152;AS95;0.000080;0.006329
342;car;0.8543562889099121;88;50;347;182;SÍ;88;50;347;182;7E7IS97;0.000076;0.105305
343;car;0.7852527499198914;86;48;351;184;NO;86;48;350;184;;0.000077;0.013848
344;car;0.7897473573684692;84;48;352;187;NO;84;48;351;186;;0.000115;0.013480
345;car;0.7813596129417419;81;47;352;185;NO;81;47;351;183;;0.000084;0.013631
346;car;0.7992632389068604;78;47;353;186;NO;78;47;353;183;;0.000096;0.014150
347;car;0.8613893985748291;76;49;354;188;NO;76;49;353;187;;0.000081;0.013522
348;car;0.8954296708106995;72;52;360;189;NO;72;52;359;185;;0.000077;0.013977
349;car;0.9058032631874084;68;52;364;190;NO;69;52;363;187;;0.000137;0.014746
350;car;0.9152576327323914;64;54;363;193;NO;64;54;362;190;;0.000113;0.014804
351;car;0.9245132803916931;60;54;363;194;NO;60;54;363;192;;0.000077;0.014616
352;car;0.9285300374031067;56;54;364;194;NO;56;54;364;194;;0.000079;0.014761
353;car;0.9468013644218445;52;54;364;194;NO;52;54;364;194;;0.000079;0.014926
354;car;0.9417772889137268;49;53;363;193;NO;50;53;363;193;;0.000075;0.014117
355;car;0.935204029083252;47;52;364;194;SÍ;295;154;334;170;617513;0.000088;0.023646
356;car;0.9364709258079529;44;51;364;195;SÍ;296;154;336;169;ETSEA;0.000076;0.028955
357;car;0.9224968552589417;43;49;364;194;SÍ;298;153;335;168;E1IG3A;0.000085;0.007787
358;car;0.915726900100708;43;48;365;194;SÍ;299;151;337;167;E761;0.000107;0.015152
359;car;0.9124854207038879;42;48;366;193;SÍ;301;150;339;165;L;0.000087;0.019610
360;car;0.90245121717453;40;49;365;193;SÍ;301;148;341;164;ETJ6E;0.000084;0.023571
361;truck;0.8206707835197449;63;1;545;260;SÍ;356;161;452;198;ETS6SSP;0.000077;0.020691
362;truck;0.841599702835083;68;1;542;252;SÍ;68;1;542;249;ETS6SSP;0.000090;0.089848
363;truck;0.7393215298652649;72;1;540;247;SÍ;72;1;539;242;ETS6SSP;0.000075;0.037571
364;truck;0.7504165172576904;75;1;537;245;SÍ;80;1;536;244;ETSSSSP;0.000076;0.038231
367;truck;0.7352340817451477;91;1;515;244;SÍ;91;1;514;244;ETSEESP;0.000076;0.089363
369;car;0.8455494046211243;100;0;505;243;SÍ;101;0;504;241;ET365SP;0.000073;0.100319
370;car;0.8234612345695496;100;1;502;244;SÍ;188;45;438;150;ETSESSP;0.000077;0.009439
371;car;0.769532322883606;95;0;503;244;SÍ;260;141;366;172;ET3E33P;0.000089;0.024174
373;car;0.7658279538154602;94;0;509;250;SÍ;245;145;360;177;ET3633P;0.000071;0.020660
374;car;0.8005217909812927;95;0;515;252;SÍ;245;145;357;179;ET3633P;0.000084;0.027597
375;car;0.7481047511100769;97;0;525;253;SÍ;242;147;354;180;ET3633P;0.000080;0.021403
376;car;0.7508488297462463;102;0;538;253;SÍ;249;148;359;179;ET3633P;0.000088;0.024643
379;car;0.7034651637077332;121;0;600;256;SÍ;260;145;368;181;ET3633P;0.000079;0.016860
383;car;0.7879297137260437;128;1;639;259;SÍ;251;146;358;181;ET3633P;0.000075;0.016519
384;car;0.836232602596283;131;1;640;261;SÍ;251;148;353;181;ET3633P;0.000077;0.017285
385;car;0.8209336400032043;130;1;640;262;SÍ;248;147;349;181;ET3633P;0.000077;0.018278
386;car;0.7941367030143738;136;1;640;262;SÍ;248;147;347;181;ET3633P;0.000078;0.016451
387;car;0.7931702136993408;137;1;636;264;SÍ;240;147;339;183;ET3633P;0.000086;0.016371
388;car;0.8047382235527039;137;2;639;265;SÍ;232;148;335;184;ET3633P;0.000076;0.016391
389;car;0.7442381381988525;140;1;639;266;SÍ;234;149;328;183;ET3633P;0.000078;0.016344
390;car;0.8902474641799927;453;125;632;206;NO;453;125;631;206;;0.000079;0.006928
391;car;0.9085744619369507;446;126;623;206;NO;446;126;622;206;;0.000074;0.006923
392;car;0.9131568074226379;440;128;614;206;NO;440;128;613;206;;0.000075;0.007019
393;car;0.9034965634346008;433;130;605;207;NO;433;130;604;207;;0.000077;0.006500
394;car;0.8951833844184875;427;130;597;207;NO;427;130;596;207;;0.000081;0.006629
395;car;0.9184550046920776;422;131;590;209;NO;422;131;589;209;;0.000076;0.008522
396;car;0.9200038313865662;416;132;582;209;NO;416;132;581;209;;0.000090;0.006486
397;car;0.9155048727989197;411;133;575;211;NO;411;133;574;210;;0.000076;0.007081
398;car;0.89545738697052;407;132;568;211;NO;407;132;567;211;;0.000089;0.007236
399;car;0.8929853439331055;404;131;561;211;NO;404;131;561;211;;0.000077;0.006737
400;car;0.8967257142066956;399;132;555;211;NO;399;132;555;211;;0.000079;0.006887
401;car;0.9025437235832214;395;131;549;212;NO;395;131;548;211;;0.000077;0.006977
402;car;0.9056268930435181;390;133;542;212;NO;390;133;541;212;;0.000076;0.006242
403;car;0.9155973792076111;385;133;535;213;NO;385;133;534;213;;0.000075;0.006264
404;car;0.9023224115371704;381;133;529;211;NO;381;133;528;211;;0.000075;0.008461
405;car;0.8754348158836365;375;135;520;212;NO;375;135;519;212;;0.000079;0.006514
406;car;0.8831202983856201;370;138;513;211;NO;370;138;513;211;;0.000077;0.006584
407;car;0.8898069858551025;365;141;506;211;NO;365;141;505;211;;0.000078;0.007281
408;car;0.8848388195037842;361;142;499;211;NO;361;142;498;211;;0.000128;0.006410
409;car;0.8720153570175171;355;143;491;211;NO;355;143;490;211;;0.000076;0.006351
410;car;0.887079119682312;352;144;484;212;NO;352;144;483;212;;0.000153;0.006636
411;car;0.8522694706916809;346;145;477;211;NO;346;145;476;211;;0.000106;0.006411
412;car;0.8708747625350952;342;146;469;212;NO;342;146;468;212;;0.000077;0.007008
413;car;0.8661767840385437;337;147;462;212;NO;337;147;462;212;;0.000076;0.006371
414;car;0.8787779808044434;332;147;456;213;NO;332;147;456;213;;0.000079;0.007100
415;car;0.8690133690834045;327;149;450;213;NO;327;149;450;213;;0.000076;0.006897
416;car;0.8678173422813416;323;149;442;213;NO;323;149;442;213;;0.000077;0.006418
417;car;0.8606534004211426;318;150;436;213;NO;318;150;435;213;;0.000077;0.006633
418;car;0.8234938383102417;312;152;430;213;NO;312;152;430;213;;0.000088;0.006940
419;car;0.8752577900886536;310;153;424;214;NO;310;153;424;214;;0.000083;0.006570
420;car;0.848288357257843;306;154;419;213;NO;306;154;419;213;;0.000077;0.006432
421;car;0.830437183380127;303;155;415;214;NO;303;155;415;213;;0.000077;0.006815
422;car;0.7531042098999023;300;156;410;215;NO;300;156;410;215;;0.000092;0.007344
423;car;0.8263301849365234;297;157;406;214;NO;297;157;406;213;;0.000078;0.006986
424;car;0.8113595843315125;294;158;403;215;NO;294;158;403;215;;0.000077;0.007483
425;car;0.8404618501663208;292;160;398;216;NO;292;160;398;215;;0.000113;0.007837
426;car;0.8474536538124084;289;160;393;217;NO;289;160;392;216;;0.000076;0.007206
427;car;0.8942295908927917;285;160;390;218;NO;285;160;390;218;;0.000077;0.007379
428;car;0.874043881893158;281;161;387;219;NO;281;161;386;219;;0.000081;0.006343
429;car;0.8659877777099609;277;162;384;219;NO;277;162;384;219;;0.000077;0.006964
430;car;0.8597604632377625;274;164;379;219;NO;274;164;379;219;;0.000078;0.006408
431;car;0.8617947697639465;270;164;375;219;NO;270;164;375;219;;0.000076;0.006449
432;car;0.8571478128433228;265;165;371;220;NO;265;165;371;220;;0.000077;0.006601
433;car;0.8283481597900391;263;166;368;221;NO;263;166;368;221;;0.000077;0.007101
434;car;0.8596710562705994;261;167;365;222;NO;261;167;364;221;;0.000074;0.007256
435;car;0.832126259803772;259;168;363;223;NO;259;168;363;222;;0.000076;0.006158
436;car;0.8299067616462708;259;169;362;224;NO;259;169;362;224;;0.000077;0.006625
437;car;0.8099574446678162;260;170;362;225;NO;260;170;362;225;;0.000076;0.006804
438;car;0.8275402188301086;259;172;362;226;NO;259;172;362;225;;0.000079;0.007845
439;car;0.8342452645301819;260;173;362;227;NO;260;173;362;226;;0.000079;0.007824
440;car;0.8336524963378906;261;173;362;227;NO;261;173;362;227;;0.000080;0.006301
441;car;0.8270600438117981;261;174;362;228;NO;261;174;362;228;;0.000104;0.006304
442;car;0.842616856098175;261;175;361;228;NO;261;175;360;227;;0.000134;0.007578
443;car;0.837120771408081;261;176;360;230;NO;261;176;359;230;;0.000080;0.006564
444;car;0.827455997467041;259;177;359;232;NO;259;177;358;231;;0.000078;0.006991
445;car;0.8534186482429504;258;179;358;233;NO;258;179;358;233;;0.000079;0.006178
446;car;0.8748641610145569;257;181;357;234;NO;257;181;356;233;;0.000075;0.006161
447;car;0.8635459542274475;257;182;356;235;NO;257;182;356;235;;0.000084;0.006199
448;car;0.857475757598877;256;184;355;236;NO;256;184;354;235;;0.000073;0.006210
449;car;0.8410784006118774;256;185;353;238;NO;256;185;352;237;;0.000110;0.007144
450;car;0.8012256026268005;255;186;351;240;NO;255;186;351;240;;0.000256;0.006276
451;car;0.8365939855575562;254;188;351;242;NO;254;188;351;241;;0.000077;0.009258
452;car;0.846290111541748;253;189;350;243;NO;253;189;350;242;;0.000143;0.006124
453;car;0.8489274382591248;252;190;349;243;NO;252;190;348;243;;0.000074;0.008104
454;car;0.818662166595459;251;192;348;246;NO;251;192;348;245;;0.000083;0.006131
455;car;0.8281859755516052;252;194;347;247;NO;252;194;347;246;;0.000113;0.006482
456;car;0.7570931911468506;250;196;346;249;NO;250;196;346;248;;0.000099;0.006221
457;car;0.7980073094367981;250;196;346;251;NO;250;196;346;250;;0.000075;0.006545
458;car;0.7663993239402771;249;198;345;252;NO;249;198;345;251;;0.000078;0.005958
459;car;0.7598658204078674;249;199;345;254;NO;249;199;345;253;;0.000077;0.006767
460;car;0.7750491499900818;248;201;344;254;NO;248;201;344;253;;0.000076;0.006400
461;car;0.7889381647109985;247;202;343;257;NO;247;202;343;256;;0.000077;0.006290
462;car;0.7503125071525574;247;202;343;258;NO;247;202;343;257;;0.000083;0.006259
